route_id,node_id
658,Virtual_Node_001
668,Virtual_Node_002
667,Virtual_Node_003
11204,Virtual_Node_004
11205,Virtual_Node_005
694,Virtual_Node_006
37746,Virtual_Node_007
37747,Virtual_Node_008
753,Virtual_Node_009
752,Virtual_Node_010
751,Virtual_Node_011
796,Virtual_Node_012
679,Virtual_Node_013
654,Virtual_Node_014
656,Virtual_Node_015
653,Virtual_Node_016
655,Virtual_Node_017
657,Virtual_Node_018
652,Virtual_Node_019
651,Virtual_Node_020
665,Virtual_Node_021
660,Virtual_Node_022
662,Virtual_Node_023
661,Virtual_Node_024
663,Virtual_Node_025
659,Virtual_Node_026
776,Virtual_Node_027
684,Virtual_Node_028
686,Virtual_Node_029
664,Virtual_Node_030
678,Virtual_Node_031
6068,Virtual_Node_032
672,Virtual_Node_033
669,Virtual_Node_034
11538,Virtual_Node_035
788,Virtual_Node_036
733,Virtual_Node_037
738,Virtual_Node_038
736,Virtual_Node_039
735,Virtual_Node_040
734,Virtual_Node_041
732,Virtual_Node_042
737,Virtual_Node_043
741,Virtual_Node_044
740,Virtual_Node_045
739,Virtual_Node_046
748,Virtual_Node_047
744,Virtual_Node_048
742,Virtual_Node_049
745,Virtual_Node_050
756,Virtual_Node_051
10526,Virtual_Node_052
759,Virtual_Node_053
757,Virtual_Node_054
758,Virtual_Node_055
755,Virtual_Node_056
760,Virtual_Node_057
6075,Virtual_Node_058
765,Virtual_Node_059
764,Virtual_Node_060
766,Virtual_Node_061
761,Virtual_Node_062
762,Virtual_Node_063
11022,Virtual_Node_064
11023,Virtual_Node_065
648,Virtual_Node_066
787,Virtual_Node_067
11207,Virtual_Node_068
649,Virtual_Node_069
795,Virtual_Node_070
37742,Virtual_Node_071
10525,Virtual_Node_072
37731,Virtual_Node_073
37729,Virtual_Node_074
37740,Virtual_Node_075
650,Virtual_Node_076
37735,Virtual_Node_077
37736,Virtual_Node_078
597,Virtual_Node_079
37744,Virtual_Node_080
37738,Virtual_Node_081
37727,Virtual_Node_082
778,Virtual_Node_083
618,Virtual_Node_084
777,Virtual_Node_085
617,Virtual_Node_086
615,Virtual_Node_087
37743,Virtual_Node_088
37732,Virtual_Node_089
37730,Virtual_Node_090
37741,Virtual_Node_091
616,Virtual_Node_092
37737,Virtual_Node_093
37745,Virtual_Node_094
614,Virtual_Node_095
37739,Virtual_Node_096
37728,Virtual_Node_097
722,Virtual_Node_098
726,Virtual_Node_099
644,Virtual_Node_100
642,Virtual_Node_101
720,Virtual_Node_102
725,Virtual_Node_103
724,Virtual_Node_104
10523,Virtual_Node_105
643,Virtual_Node_106
718,Virtual_Node_107
640,Virtual_Node_108
637,Virtual_Node_109
641,Virtual_Node_110
721,Virtual_Node_111
717,Virtual_Node_112
723,Virtual_Node_113
719,Virtual_Node_114
10521,Virtual_Node_115
10522,Virtual_Node_116
10524,Virtual_Node_117
636,Virtual_Node_118
635,Virtual_Node_119
712,Virtual_Node_120
708,Virtual_Node_121
623,Virtual_Node_122
624,Virtual_Node_123
714,Virtual_Node_124
709,Virtual_Node_125
710,Virtual_Node_126
780,Virtual_Node_127
716,Virtual_Node_128
629,Virtual_Node_129
626,Virtual_Node_130
625,Virtual_Node_131
713,Virtual_Node_132
711,Virtual_Node_133
715,Virtual_Node_134
779,Virtual_Node_135
630,Virtual_Node_136
791,Virtual_Node_137
781,Virtual_Node_138
10382,Virtual_Node_139
10381,Virtual_Node_140
10373,Virtual_Node_141
775,Virtual_Node_142
6069,Virtual_Node_143
11196,Virtual_Node_144
771,Virtual_Node_145
666,Virtual_Node_146
746,Virtual_Node_147
6037,Virtual_Node_148
773,Virtual_Node_149
747,Virtual_Node_150
769,Virtual_Node_151
671,Virtual_Node_152
768,Virtual_Node_153
677,Virtual_Node_154
676,Virtual_Node_155
767,Virtual_Node_156
11521,Virtual_Node_157
11526,Virtual_Node_158
11522,Virtual_Node_159
11527,Virtual_Node_160
11524,Virtual_Node_161
11523,Virtual_Node_162
11535,Virtual_Node_163
11531,Virtual_Node_164
11532,Virtual_Node_165
11537,Virtual_Node_166
11534,Virtual_Node_167
11536,Virtual_Node_168
11533,Virtual_Node_169
6066,Virtual_Node_170
627,Virtual_Node_171
638,Virtual_Node_172
639,Virtual_Node_173
628,Virtual_Node_174
782,Virtual_Node_175
770,Virtual_Node_176
685,Virtual_Node_177
750,Virtual_Node_178
774,Virtual_Node_179
670,Virtual_Node_180
6641,Virtual_Node_181
6642,Virtual_Node_182
772,Virtual_Node_183
675,Virtual_Node_184
786,Virtual_Node_185
763,Virtual_Node_186
674,Virtual_Node_187
673,Virtual_Node_188
6070,Virtual_Node_189
6072,Virtual_Node_190
6071,Virtual_Node_191
6073,Virtual_Node_192
6074,Virtual_Node_193
10527,Virtual_Node_194
680,Virtual_Node_195
11525,Virtual_Node_196
115381,Virtual_Node_197
681,Virtual_Node_198
6036,Virtual_Node_199